Accuracy,Precision,Recall,F1
0.8491227612815767,0.8761979487754301,0.8137410540013013,0.843815358044015
